{"cameraMode":{"drawMode":0,"name":"Shaded","section":"Shading Mode"},"sceneLighting":false,"audioPlay":false,"sceneViewState":{"m_AlwaysRefresh":false,"showFog":true,"showSkybox":true,"showFlares":true,"showImageEffects":true,"showParticleSystems":true,"showVisualEffectGraphs":true,"m_FxEnabled":true},"in2DMode":false,"pivot":{"x":8.327624320983887,"y":1.7311981916427613,"z":1.8368799686431885},"rotation":{"x":0.034850362688302997,"y":0.9159560799598694,"z":-0.08156002312898636,"w":0.39137038588523867},"size":8.123916625976563,"orthographic":false}