{"cameraMode":{"drawMode":0,"name":"Shaded","section":"Shading Mode"},"sceneLighting":true,"audioPlay":false,"sceneViewState":{"showFog":true,"showMaterialUpdate":false,"showSkybox":true,"showFlares":true,"showImageEffects":true,"showParticleSystems":true},"in2DMode":false,"pivot":{"x":0.3899998664855957,"y":2.5200002193450929,"z":33196.2421875},"rotation":{"x":0.028890926390886308,"y":-0.4673636257648468,"z":-0.01528368890285492,"w":-0.8834622502326965},"size":0.8660253882408142,"orthographic":false}